Function,Counter,Kernel
keys,7,D:\sample1\allen-institute-for-ai\CORD-19-research-challenge\kernels\famasya\bio-ner-on-covid-19\bio-ner-on-covid-19-utf8.py
load,5,D:\sample1\allen-institute-for-ai\CORD-19-research-challenge\kernels\famasya\bio-ner-on-covid-19\bio-ner-on-covid-19-utf8.py
open,4,D:\sample1\allen-institute-for-ai\CORD-19-research-challenge\kernels\famasya\bio-ner-on-covid-19\bio-ner-on-covid-19-utf8.py
append,3,D:\sample1\allen-institute-for-ai\CORD-19-research-challenge\kernels\famasya\bio-ner-on-covid-19\bio-ner-on-covid-19-utf8.py
get_ipython,3,D:\sample1\allen-institute-for-ai\CORD-19-research-challenge\kernels\famasya\bio-ner-on-covid-19\bio-ner-on-covid-19-utf8.py
system,3,D:\sample1\allen-institute-for-ai\CORD-19-research-challenge\kernels\famasya\bio-ner-on-covid-19\bio-ner-on-covid-19-utf8.py
render,3,D:\sample1\allen-institute-for-ai\CORD-19-research-challenge\kernels\famasya\bio-ner-on-covid-19\bio-ner-on-covid-19-utf8.py
get,2,D:\sample1\allen-institute-for-ai\CORD-19-research-challenge\kernels\famasya\bio-ner-on-covid-19\bio-ner-on-covid-19-utf8.py
list,2,D:\sample1\allen-institute-for-ai\CORD-19-research-challenge\kernels\famasya\bio-ner-on-covid-19\bio-ner-on-covid-19-utf8.py
nlp,2,D:\sample1\allen-institute-for-ai\CORD-19-research-challenge\kernels\famasya\bio-ner-on-covid-19\bio-ner-on-covid-19-utf8.py
items,1,D:\sample1\allen-institute-for-ai\CORD-19-research-challenge\kernels\famasya\bio-ner-on-covid-19\bio-ner-on-covid-19-utf8.py
next,1,D:\sample1\allen-institute-for-ai\CORD-19-research-challenge\kernels\famasya\bio-ner-on-covid-19\bio-ner-on-covid-19-utf8.py
head,3,D:\sample1\allen-institute-for-ai\CORD-19-research-challenge\kernels\lauraosede\how-to-extract-data-from-json-file-to-dataframe\how-to-extract-data-from-json-file-to-dataframe-utf8.py
info,3,D:\sample1\allen-institute-for-ai\CORD-19-research-challenge\kernels\lauraosede\how-to-extract-data-from-json-file-to-dataframe\how-to-extract-data-from-json-file-to-dataframe-utf8.py
read_csv,1,D:\sample1\allen-institute-for-ai\CORD-19-research-challenge\kernels\lauraosede\how-to-extract-data-from-json-file-to-dataframe\how-to-extract-data-from-json-file-to-dataframe-utf8.py
dropna,1,D:\sample1\allen-institute-for-ai\CORD-19-research-challenge\kernels\lauraosede\how-to-extract-data-from-json-file-to-dataframe\how-to-extract-data-from-json-file-to-dataframe-utf8.py
sample,1,D:\sample1\allen-institute-for-ai\CORD-19-research-challenge\kernels\lauraosede\how-to-extract-data-from-json-file-to-dataframe\how-to-extract-data-from-json-file-to-dataframe-utf8.py
split,1,D:\sample1\allen-institute-for-ai\CORD-19-research-challenge\kernels\lauraosede\how-to-extract-data-from-json-file-to-dataframe\how-to-extract-data-from-json-file-to-dataframe-utf8.py
items,1,D:\sample1\allen-institute-for-ai\CORD-19-research-challenge\kernels\lauraosede\how-to-extract-data-from-json-file-to-dataframe\how-to-extract-data-from-json-file-to-dataframe-utf8.py
encode,1,D:\sample1\allen-institute-for-ai\CORD-19-research-challenge\kernels\lauraosede\how-to-extract-data-from-json-file-to-dataframe\how-to-extract-data-from-json-file-to-dataframe-utf8.py
load,1,D:\sample1\allen-institute-for-ai\CORD-19-research-challenge\kernels\lauraosede\how-to-extract-data-from-json-file-to-dataframe\how-to-extract-data-from-json-file-to-dataframe-utf8.py
open,1,D:\sample1\allen-institute-for-ai\CORD-19-research-challenge\kernels\lauraosede\how-to-extract-data-from-json-file-to-dataframe\how-to-extract-data-from-json-file-to-dataframe-utf8.py
append,1,D:\sample1\allen-institute-for-ai\CORD-19-research-challenge\kernels\lauraosede\how-to-extract-data-from-json-file-to-dataframe\how-to-extract-data-from-json-file-to-dataframe-utf8.py
format_body,1,D:\sample1\allen-institute-for-ai\CORD-19-research-challenge\kernels\lauraosede\how-to-extract-data-from-json-file-to-dataframe\how-to-extract-data-from-json-file-to-dataframe-utf8.py
to_csv,1,D:\sample1\allen-institute-for-ai\CORD-19-research-challenge\kernels\lauraosede\how-to-extract-data-from-json-file-to-dataframe\how-to-extract-data-from-json-file-to-dataframe-utf8.py
append,18,D:\sample1\allen-institute-for-ai\CORD-19-research-challenge\kernels\prasadvpatil\kletech-5d-c11\kletech-5d-c11-utf8.py
find_relevant_articles,11,D:\sample1\allen-institute-for-ai\CORD-19-research-challenge\kernels\prasadvpatil\kletech-5d-c11\kletech-5d-c11-utf8.py
join,9,D:\sample1\allen-institute-for-ai\CORD-19-research-challenge\kernels\prasadvpatil\kletech-5d-c11\kletech-5d-c11-utf8.py
str,6,D:\sample1\allen-institute-for-ai\CORD-19-research-challenge\kernels\prasadvpatil\kletech-5d-c11\kletech-5d-c11-utf8.py
DataFrame,6,D:\sample1\allen-institute-for-ai\CORD-19-research-challenge\kernels\prasadvpatil\kletech-5d-c11\kletech-5d-c11-utf8.py
len,6,D:\sample1\allen-institute-for-ai\CORD-19-research-challenge\kernels\prasadvpatil\kletech-5d-c11\kletech-5d-c11-utf8.py
range,6,D:\sample1\allen-institute-for-ai\CORD-19-research-challenge\kernels\prasadvpatil\kletech-5d-c11\kletech-5d-c11-utf8.py
drop_duplicates,5,D:\sample1\allen-institute-for-ai\CORD-19-research-challenge\kernels\prasadvpatil\kletech-5d-c11\kletech-5d-c11-utf8.py
list,4,D:\sample1\allen-institute-for-ai\CORD-19-research-challenge\kernels\prasadvpatil\kletech-5d-c11\kletech-5d-c11-utf8.py
count,4,D:\sample1\allen-institute-for-ai\CORD-19-research-challenge\kernels\prasadvpatil\kletech-5d-c11\kletech-5d-c11-utf8.py
bar,4,D:\sample1\allen-institute-for-ai\CORD-19-research-challenge\kernels\prasadvpatil\kletech-5d-c11\kletech-5d-c11-utf8.py
dropna,4,D:\sample1\allen-institute-for-ai\CORD-19-research-challenge\kernels\prasadvpatil\kletech-5d-c11\kletech-5d-c11-utf8.py
info,4,D:\sample1\allen-institute-for-ai\CORD-19-research-challenge\kernels\prasadvpatil\kletech-5d-c11\kletech-5d-c11-utf8.py
format,4,D:\sample1\allen-institute-for-ai\CORD-19-research-challenge\kernels\prasadvpatil\kletech-5d-c11\kletech-5d-c11-utf8.py
log,4,D:\sample1\allen-institute-for-ai\CORD-19-research-challenge\kernels\prasadvpatil\kletech-5d-c11\kletech-5d-c11-utf8.py
head,3,D:\sample1\allen-institute-for-ai\CORD-19-research-challenge\kernels\prasadvpatil\kletech-5d-c11\kletech-5d-c11-utf8.py
display_barchart,3,D:\sample1\allen-institute-for-ai\CORD-19-research-challenge\kernels\prasadvpatil\kletech-5d-c11\kletech-5d-c11-utf8.py
annotate,3,D:\sample1\allen-institute-for-ai\CORD-19-research-challenge\kernels\prasadvpatil\kletech-5d-c11\kletech-5d-c11-utf8.py
format_authors,3,D:\sample1\allen-institute-for-ai\CORD-19-research-challenge\kernels\prasadvpatil\kletech-5d-c11\kletech-5d-c11-utf8.py
open,3,D:\sample1\allen-institute-for-ai\CORD-19-research-challenge\kernels\prasadvpatil\kletech-5d-c11\kletech-5d-c11-utf8.py
pickle_to_file,3,D:\sample1\allen-institute-for-ai\CORD-19-research-challenge\kernels\prasadvpatil\kletech-5d-c11\kletech-5d-c11-utf8.py
get_ipython,2,D:\sample1\allen-institute-for-ai\CORD-19-research-challenge\kernels\prasadvpatil\kletech-5d-c11\kletech-5d-c11-utf8.py
system,2,D:\sample1\allen-institute-for-ai\CORD-19-research-challenge\kernels\prasadvpatil\kletech-5d-c11\kletech-5d-c11-utf8.py
lower,2,D:\sample1\allen-institute-for-ai\CORD-19-research-challenge\kernels\prasadvpatil\kletech-5d-c11\kletech-5d-c11-utf8.py
get,2,D:\sample1\allen-institute-for-ai\CORD-19-research-challenge\kernels\prasadvpatil\kletech-5d-c11\kletech-5d-c11-utf8.py
values,2,D:\sample1\allen-institute-for-ai\CORD-19-research-challenge\kernels\prasadvpatil\kletech-5d-c11\kletech-5d-c11-utf8.py
load,2,D:\sample1\allen-institute-for-ai\CORD-19-research-challenge\kernels\prasadvpatil\kletech-5d-c11\kletech-5d-c11-utf8.py
format_body,2,D:\sample1\allen-institute-for-ai\CORD-19-research-challenge\kernels\prasadvpatil\kletech-5d-c11\kletech-5d-c11-utf8.py
concat,2,D:\sample1\allen-institute-for-ai\CORD-19-research-challenge\kernels\prasadvpatil\kletech-5d-c11\kletech-5d-c11-utf8.py
get_tokenized_and_normalized_list,2,D:\sample1\allen-institute-for-ai\CORD-19-research-challenge\kernels\prasadvpatil\kletech-5d-c11\kletech-5d-c11-utf8.py
calc_tf_idf,2,D:\sample1\allen-institute-for-ai\CORD-19-research-challenge\kernels\prasadvpatil\kletech-5d-c11\kletech-5d-c11-utf8.py
sqrt,2,D:\sample1\allen-institute-for-ai\CORD-19-research-challenge\kernels\prasadvpatil\kletech-5d-c11\kletech-5d-c11-utf8.py
keys,2,D:\sample1\allen-institute-for-ai\CORD-19-research-challenge\kernels\prasadvpatil\kletech-5d-c11\kletech-5d-c11-utf8.py
filterwarnings,1,D:\sample1\allen-institute-for-ai\CORD-19-research-challenge\kernels\prasadvpatil\kletech-5d-c11\kletech-5d-c11-utf8.py
read_csv,1,D:\sample1\allen-institute-for-ai\CORD-19-research-challenge\kernels\prasadvpatil\kletech-5d-c11\kletech-5d-c11-utf8.py
tolist,1,D:\sample1\allen-institute-for-ai\CORD-19-research-challenge\kernels\prasadvpatil\kletech-5d-c11\kletech-5d-c11-utf8.py
xticks,1,D:\sample1\allen-institute-for-ai\CORD-19-research-challenge\kernels\prasadvpatil\kletech-5d-c11\kletech-5d-c11-utf8.py
legend,1,D:\sample1\allen-institute-for-ai\CORD-19-research-challenge\kernels\prasadvpatil\kletech-5d-c11\kletech-5d-c11-utf8.py
DatetimeIndex,1,D:\sample1\allen-institute-for-ai\CORD-19-research-challenge\kernels\prasadvpatil\kletech-5d-c11\kletech-5d-c11-utf8.py
compile,1,D:\sample1\allen-institute-for-ai\CORD-19-research-challenge\kernels\prasadvpatil\kletech-5d-c11\kletech-5d-c11-utf8.py
int,1,D:\sample1\allen-institute-for-ai\CORD-19-research-challenge\kernels\prasadvpatil\kletech-5d-c11\kletech-5d-c11-utf8.py
bool,1,D:\sample1\allen-institute-for-ai\CORD-19-research-challenge\kernels\prasadvpatil\kletech-5d-c11\kletech-5d-c11-utf8.py
search,1,D:\sample1\allen-institute-for-ai\CORD-19-research-challenge\kernels\prasadvpatil\kletech-5d-c11\kletech-5d-c11-utf8.py
checkYear,1,D:\sample1\allen-institute-for-ai\CORD-19-research-challenge\kernels\prasadvpatil\kletech-5d-c11\kletech-5d-c11-utf8.py
apply,1,D:\sample1\allen-institute-for-ai\CORD-19-research-challenge\kernels\prasadvpatil\kletech-5d-c11\kletech-5d-c11-utf8.py
reset_index,1,D:\sample1\allen-institute-for-ai\CORD-19-research-challenge\kernels\prasadvpatil\kletech-5d-c11\kletech-5d-c11-utf8.py
contains,1,D:\sample1\allen-institute-for-ai\CORD-19-research-challenge\kernels\prasadvpatil\kletech-5d-c11\kletech-5d-c11-utf8.py
extend,1,D:\sample1\allen-institute-for-ai\CORD-19-research-challenge\kernels\prasadvpatil\kletech-5d-c11\kletech-5d-c11-utf8.py
format_name,1,D:\sample1\allen-institute-for-ai\CORD-19-research-challenge\kernels\prasadvpatil\kletech-5d-c11\kletech-5d-c11-utf8.py
format_affiliation,1,D:\sample1\allen-institute-for-ai\CORD-19-research-challenge\kernels\prasadvpatil\kletech-5d-c11\kletech-5d-c11-utf8.py
items,1,D:\sample1\allen-institute-for-ai\CORD-19-research-challenge\kernels\prasadvpatil\kletech-5d-c11\kletech-5d-c11-utf8.py
type,1,D:\sample1\allen-institute-for-ai\CORD-19-research-challenge\kernels\prasadvpatil\kletech-5d-c11\kletech-5d-c11-utf8.py
deepcopy,1,D:\sample1\allen-institute-for-ai\CORD-19-research-challenge\kernels\prasadvpatil\kletech-5d-c11\kletech-5d-c11-utf8.py
format_bib,1,D:\sample1\allen-institute-for-ai\CORD-19-research-challenge\kernels\prasadvpatil\kletech-5d-c11\kletech-5d-c11-utf8.py
drop,1,D:\sample1\allen-institute-for-ai\CORD-19-research-challenge\kernels\prasadvpatil\kletech-5d-c11\kletech-5d-c11-utf8.py
load_files,1,D:\sample1\allen-institute-for-ai\CORD-19-research-challenge\kernels\prasadvpatil\kletech-5d-c11\kletech-5d-c11-utf8.py
generate_clean_df,1,D:\sample1\allen-institute-for-ai\CORD-19-research-challenge\kernels\prasadvpatil\kletech-5d-c11\kletech-5d-c11-utf8.py
get_corpus,1,D:\sample1\allen-institute-for-ai\CORD-19-research-challenge\kernels\prasadvpatil\kletech-5d-c11\kletech-5d-c11-utf8.py
defaultdict,1,D:\sample1\allen-institute-for-ai\CORD-19-research-challenge\kernels\prasadvpatil\kletech-5d-c11\kletech-5d-c11-utf8.py
mod,1,D:\sample1\allen-institute-for-ai\CORD-19-research-challenge\kernels\prasadvpatil\kletech-5d-c11\kletech-5d-c11-utf8.py
zfill,1,D:\sample1\allen-institute-for-ai\CORD-19-research-challenge\kernels\prasadvpatil\kletech-5d-c11\kletech-5d-c11-utf8.py
create_vector,1,D:\sample1\allen-institute-for-ai\CORD-19-research-challenge\kernels\prasadvpatil\kletech-5d-c11\kletech-5d-c11-utf8.py
word_tokenize,1,D:\sample1\allen-institute-for-ai\CORD-19-research-challenge\kernels\prasadvpatil\kletech-5d-c11\kletech-5d-c11-utf8.py
PorterStemmer,1,D:\sample1\allen-institute-for-ai\CORD-19-research-challenge\kernels\prasadvpatil\kletech-5d-c11\kletech-5d-c11-utf8.py
stem,1,D:\sample1\allen-institute-for-ai\CORD-19-research-challenge\kernels\prasadvpatil\kletech-5d-c11\kletech-5d-c11-utf8.py
get_dot_product,1,D:\sample1\allen-institute-for-ai\CORD-19-research-challenge\kernels\prasadvpatil\kletech-5d-c11\kletech-5d-c11-utf8.py
sorted,1,D:\sample1\allen-institute-for-ai\CORD-19-research-challenge\kernels\prasadvpatil\kletech-5d-c11\kletech-5d-c11-utf8.py
dumps,1,D:\sample1\allen-institute-for-ai\CORD-19-research-challenge\kernels\prasadvpatil\kletech-5d-c11\kletech-5d-c11-utf8.py
optimize,1,D:\sample1\allen-institute-for-ai\CORD-19-research-challenge\kernels\prasadvpatil\kletech-5d-c11\kletech-5d-c11-utf8.py
write,1,D:\sample1\allen-institute-for-ai\CORD-19-research-challenge\kernels\prasadvpatil\kletech-5d-c11\kletech-5d-c11-utf8.py
iterate_over_all_docs,1,D:\sample1\allen-institute-for-ai\CORD-19-research-challenge\kernels\prasadvpatil\kletech-5d-c11\kletech-5d-c11-utf8.py
generate_inverted_index,1,D:\sample1\allen-institute-for-ai\CORD-19-research-challenge\kernels\prasadvpatil\kletech-5d-c11\kletech-5d-c11-utf8.py
create_tf_idf_vector,1,D:\sample1\allen-institute-for-ai\CORD-19-research-challenge\kernels\prasadvpatil\kletech-5d-c11\kletech-5d-c11-utf8.py
download_bnpp_data,1,D:\sample1\allen-institute-for-ai\CORD-19-research-challenge\kernels\prasadvpatil\kletech-5d-c11\kletech-5d-c11-utf8.py
download_model,1,D:\sample1\allen-institute-for-ai\CORD-19-research-challenge\kernels\prasadvpatil\kletech-5d-c11\kletech-5d-c11-utf8.py
input,1,D:\sample1\allen-institute-for-ai\CORD-19-research-challenge\kernels\prasadvpatil\kletech-5d-c11\kletech-5d-c11-utf8.py
create_vector_from_query,1,D:\sample1\allen-institute-for-ai\CORD-19-research-challenge\kernels\prasadvpatil\kletech-5d-c11\kletech-5d-c11-utf8.py
get_tf_idf_from_query_vect,1,D:\sample1\allen-institute-for-ai\CORD-19-research-challenge\kernels\prasadvpatil\kletech-5d-c11\kletech-5d-c11-utf8.py
get_result_from_query_vect,1,D:\sample1\allen-institute-for-ai\CORD-19-research-challenge\kernels\prasadvpatil\kletech-5d-c11\kletech-5d-c11-utf8.py
replace,1,D:\sample1\allen-institute-for-ai\CORD-19-research-challenge\kernels\prasadvpatil\kletech-5d-c11\kletech-5d-c11-utf8.py
split,1,D:\sample1\allen-institute-for-ai\CORD-19-research-challenge\kernels\prasadvpatil\kletech-5d-c11\kletech-5d-c11-utf8.py
array,1,D:\sample1\allen-institute-for-ai\CORD-19-research-challenge\kernels\prasadvpatil\kletech-5d-c11\kletech-5d-c11-utf8.py
reshape,1,D:\sample1\allen-institute-for-ai\CORD-19-research-challenge\kernels\prasadvpatil\kletech-5d-c11\kletech-5d-c11-utf8.py
filter_paragraphs,1,D:\sample1\allen-institute-for-ai\CORD-19-research-challenge\kernels\prasadvpatil\kletech-5d-c11\kletech-5d-c11-utf8.py
QAPipeline,1,D:\sample1\allen-institute-for-ai\CORD-19-research-challenge\kernels\prasadvpatil\kletech-5d-c11\kletech-5d-c11-utf8.py
fit_retriever,1,D:\sample1\allen-institute-for-ai\CORD-19-research-challenge\kernels\prasadvpatil\kletech-5d-c11\kletech-5d-c11-utf8.py
predict,1,D:\sample1\allen-institute-for-ai\CORD-19-research-challenge\kernels\prasadvpatil\kletech-5d-c11\kletech-5d-c11-utf8.py
add_Each_Details,1,D:\sample1\allen-institute-for-ai\CORD-19-research-challenge\kernels\prasadvpatil\kletech-5d-c11\kletech-5d-c11-utf8.py
display,1,D:\sample1\allen-institute-for-ai\CORD-19-research-challenge\kernels\prasadvpatil\kletech-5d-c11\kletech-5d-c11-utf8.py
HTML,1,D:\sample1\allen-institute-for-ai\CORD-19-research-challenge\kernels\prasadvpatil\kletech-5d-c11\kletech-5d-c11-utf8.py
to_html,1,D:\sample1\allen-institute-for-ai\CORD-19-research-challenge\kernels\prasadvpatil\kletech-5d-c11\kletech-5d-c11-utf8.py
append,14,D:\sample1\allen-institute-for-ai\CORD-19-research-challenge\kernels\prasannkshirasagar\kletech-5d-c11\kletech-5d-c11-utf8.py
lower,13,D:\sample1\allen-institute-for-ai\CORD-19-research-challenge\kernels\prasannkshirasagar\kletech-5d-c11\kletech-5d-c11-utf8.py
join,12,D:\sample1\allen-institute-for-ai\CORD-19-research-challenge\kernels\prasannkshirasagar\kletech-5d-c11\kletech-5d-c11-utf8.py
head,7,D:\sample1\allen-institute-for-ai\CORD-19-research-challenge\kernels\prasannkshirasagar\kletech-5d-c11\kletech-5d-c11-utf8.py
list,6,D:\sample1\allen-institute-for-ai\CORD-19-research-challenge\kernels\prasannkshirasagar\kletech-5d-c11\kletech-5d-c11-utf8.py
len,5,D:\sample1\allen-institute-for-ai\CORD-19-research-challenge\kernels\prasannkshirasagar\kletech-5d-c11\kletech-5d-c11-utf8.py
print,5,D:\sample1\allen-institute-for-ai\CORD-19-research-challenge\kernels\prasannkshirasagar\kletech-5d-c11\kletech-5d-c11-utf8.py
range,5,D:\sample1\allen-institute-for-ai\CORD-19-research-challenge\kernels\prasannkshirasagar\kletech-5d-c11\kletech-5d-c11-utf8.py
answer_question,5,D:\sample1\allen-institute-for-ai\CORD-19-research-challenge\kernels\prasannkshirasagar\kletech-5d-c11\kletech-5d-c11-utf8.py
split,4,D:\sample1\allen-institute-for-ai\CORD-19-research-challenge\kernels\prasannkshirasagar\kletech-5d-c11\kletech-5d-c11-utf8.py
str,4,D:\sample1\allen-institute-for-ai\CORD-19-research-challenge\kernels\prasannkshirasagar\kletech-5d-c11\kletech-5d-c11-utf8.py
read_csv,4,D:\sample1\allen-institute-for-ai\CORD-19-research-challenge\kernels\prasannkshirasagar\kletech-5d-c11\kletech-5d-c11-utf8.py
count,4,D:\sample1\allen-institute-for-ai\CORD-19-research-challenge\kernels\prasannkshirasagar\kletech-5d-c11\kletech-5d-c11-utf8.py
bar,4,D:\sample1\allen-institute-for-ai\CORD-19-research-challenge\kernels\prasannkshirasagar\kletech-5d-c11\kletech-5d-c11-utf8.py
drop_duplicates,4,D:\sample1\allen-institute-for-ai\CORD-19-research-challenge\kernels\prasannkshirasagar\kletech-5d-c11\kletech-5d-c11-utf8.py
info,4,D:\sample1\allen-institute-for-ai\CORD-19-research-challenge\kernels\prasannkshirasagar\kletech-5d-c11\kletech-5d-c11-utf8.py
fillna,4,D:\sample1\allen-institute-for-ai\CORD-19-research-challenge\kernels\prasannkshirasagar\kletech-5d-c11\kletech-5d-c11-utf8.py
clean_sent,4,D:\sample1\allen-institute-for-ai\CORD-19-research-challenge\kernels\prasannkshirasagar\kletech-5d-c11\kletech-5d-c11-utf8.py
sorted,4,D:\sample1\allen-institute-for-ai\CORD-19-research-challenge\kernels\prasannkshirasagar\kletech-5d-c11\kletech-5d-c11-utf8.py
enumerate,4,D:\sample1\allen-institute-for-ai\CORD-19-research-challenge\kernels\prasannkshirasagar\kletech-5d-c11\kletech-5d-c11-utf8.py
to_csv,4,D:\sample1\allen-institute-for-ai\CORD-19-research-challenge\kernels\prasannkshirasagar\kletech-5d-c11\kletech-5d-c11-utf8.py
format_authors,3,D:\sample1\allen-institute-for-ai\CORD-19-research-challenge\kernels\prasannkshirasagar\kletech-5d-c11\kletech-5d-c11-utf8.py
DataFrame,3,D:\sample1\allen-institute-for-ai\CORD-19-research-challenge\kernels\prasannkshirasagar\kletech-5d-c11\kletech-5d-c11-utf8.py
display_barchart,3,D:\sample1\allen-institute-for-ai\CORD-19-research-challenge\kernels\prasannkshirasagar\kletech-5d-c11\kletech-5d-c11-utf8.py
annotate,3,D:\sample1\allen-institute-for-ai\CORD-19-research-challenge\kernels\prasannkshirasagar\kletech-5d-c11\kletech-5d-c11-utf8.py
dropna,3,D:\sample1\allen-institute-for-ai\CORD-19-research-challenge\kernels\prasannkshirasagar\kletech-5d-c11\kletech-5d-c11-utf8.py
apply,3,D:\sample1\allen-institute-for-ai\CORD-19-research-challenge\kernels\prasannkshirasagar\kletech-5d-c11\kletech-5d-c11-utf8.py
reset_index,3,D:\sample1\allen-institute-for-ai\CORD-19-research-challenge\kernels\prasannkshirasagar\kletech-5d-c11\kletech-5d-c11-utf8.py
download,2,D:\sample1\allen-institute-for-ai\CORD-19-research-challenge\kernels\prasannkshirasagar\kletech-5d-c11\kletech-5d-c11-utf8.py
get,2,D:\sample1\allen-institute-for-ai\CORD-19-research-challenge\kernels\prasannkshirasagar\kletech-5d-c11\kletech-5d-c11-utf8.py
values,2,D:\sample1\allen-institute-for-ai\CORD-19-research-challenge\kernels\prasannkshirasagar\kletech-5d-c11\kletech-5d-c11-utf8.py
items,2,D:\sample1\allen-institute-for-ai\CORD-19-research-challenge\kernels\prasannkshirasagar\kletech-5d-c11\kletech-5d-c11-utf8.py
tqdm,2,D:\sample1\allen-institute-for-ai\CORD-19-research-challenge\kernels\prasannkshirasagar\kletech-5d-c11\kletech-5d-c11-utf8.py
load,2,D:\sample1\allen-institute-for-ai\CORD-19-research-challenge\kernels\prasannkshirasagar\kletech-5d-c11\kletech-5d-c11-utf8.py
open,2,D:\sample1\allen-institute-for-ai\CORD-19-research-challenge\kernels\prasannkshirasagar\kletech-5d-c11\kletech-5d-c11-utf8.py
format_body,2,D:\sample1\allen-institute-for-ai\CORD-19-research-challenge\kernels\prasannkshirasagar\kletech-5d-c11\kletech-5d-c11-utf8.py
drop,2,D:\sample1\allen-institute-for-ai\CORD-19-research-challenge\kernels\prasannkshirasagar\kletech-5d-c11\kletech-5d-c11-utf8.py
rename,2,D:\sample1\allen-institute-for-ai\CORD-19-research-challenge\kernels\prasannkshirasagar\kletech-5d-c11\kletech-5d-c11-utf8.py
keys,2,D:\sample1\allen-institute-for-ai\CORD-19-research-challenge\kernels\prasannkshirasagar\kletech-5d-c11\kletech-5d-c11-utf8.py
from_pretrained,2,D:\sample1\allen-institute-for-ai\CORD-19-research-challenge\kernels\prasannkshirasagar\kletech-5d-c11\kletech-5d-c11-utf8.py
tensor,2,D:\sample1\allen-institute-for-ai\CORD-19-research-challenge\kernels\prasannkshirasagar\kletech-5d-c11\kletech-5d-c11-utf8.py
argmax,2,D:\sample1\allen-institute-for-ai\CORD-19-research-challenge\kernels\prasannkshirasagar\kletech-5d-c11\kletech-5d-c11-utf8.py
detach,2,D:\sample1\allen-institute-for-ai\CORD-19-research-challenge\kernels\prasannkshirasagar\kletech-5d-c11\kletech-5d-c11-utf8.py
numpy,2,D:\sample1\allen-institute-for-ai\CORD-19-research-challenge\kernels\prasannkshirasagar\kletech-5d-c11\kletech-5d-c11-utf8.py
flatten,2,D:\sample1\allen-institute-for-ai\CORD-19-research-challenge\kernels\prasannkshirasagar\kletech-5d-c11\kletech-5d-c11-utf8.py
ValueError,2,D:\sample1\allen-institute-for-ai\CORD-19-research-challenge\kernels\prasannkshirasagar\kletech-5d-c11\kletech-5d-c11-utf8.py
hasNumbers,2,D:\sample1\allen-institute-for-ai\CORD-19-research-challenge\kernels\prasannkshirasagar\kletech-5d-c11\kletech-5d-c11-utf8.py
match,2,D:\sample1\allen-institute-for-ai\CORD-19-research-challenge\kernels\prasannkshirasagar\kletech-5d-c11\kletech-5d-c11-utf8.py
get_ipython,1,D:\sample1\allen-institute-for-ai\CORD-19-research-challenge\kernels\prasannkshirasagar\kletech-5d-c11\kletech-5d-c11-utf8.py
system,1,D:\sample1\allen-institute-for-ai\CORD-19-research-challenge\kernels\prasannkshirasagar\kletech-5d-c11\kletech-5d-c11-utf8.py
PorterStemmer,1,D:\sample1\allen-institute-for-ai\CORD-19-research-challenge\kernels\prasannkshirasagar\kletech-5d-c11\kletech-5d-c11-utf8.py
set,1,D:\sample1\allen-institute-for-ai\CORD-19-research-challenge\kernels\prasannkshirasagar\kletech-5d-c11\kletech-5d-c11-utf8.py
words,1,D:\sample1\allen-institute-for-ai\CORD-19-research-challenge\kernels\prasannkshirasagar\kletech-5d-c11\kletech-5d-c11-utf8.py
isnumeric,1,D:\sample1\allen-institute-for-ai\CORD-19-research-challenge\kernels\prasannkshirasagar\kletech-5d-c11\kletech-5d-c11-utf8.py
isalpha,1,D:\sample1\allen-institute-for-ai\CORD-19-research-challenge\kernels\prasannkshirasagar\kletech-5d-c11\kletech-5d-c11-utf8.py
stem,1,D:\sample1\allen-institute-for-ai\CORD-19-research-challenge\kernels\prasannkshirasagar\kletech-5d-c11\kletech-5d-c11-utf8.py
extend,1,D:\sample1\allen-institute-for-ai\CORD-19-research-challenge\kernels\prasannkshirasagar\kletech-5d-c11\kletech-5d-c11-utf8.py
format_name,1,D:\sample1\allen-institute-for-ai\CORD-19-research-challenge\kernels\prasannkshirasagar\kletech-5d-c11\kletech-5d-c11-utf8.py
format_affiliation,1,D:\sample1\allen-institute-for-ai\CORD-19-research-challenge\kernels\prasannkshirasagar\kletech-5d-c11\kletech-5d-c11-utf8.py
type,1,D:\sample1\allen-institute-for-ai\CORD-19-research-challenge\kernels\prasannkshirasagar\kletech-5d-c11\kletech-5d-c11-utf8.py
deepcopy,1,D:\sample1\allen-institute-for-ai\CORD-19-research-challenge\kernels\prasannkshirasagar\kletech-5d-c11\kletech-5d-c11-utf8.py
listdir,1,D:\sample1\allen-institute-for-ai\CORD-19-research-challenge\kernels\prasannkshirasagar\kletech-5d-c11\kletech-5d-c11-utf8.py
format_bib,1,D:\sample1\allen-institute-for-ai\CORD-19-research-challenge\kernels\prasannkshirasagar\kletech-5d-c11\kletech-5d-c11-utf8.py
tolist,1,D:\sample1\allen-institute-for-ai\CORD-19-research-challenge\kernels\prasannkshirasagar\kletech-5d-c11\kletech-5d-c11-utf8.py
xticks,1,D:\sample1\allen-institute-for-ai\CORD-19-research-challenge\kernels\prasannkshirasagar\kletech-5d-c11\kletech-5d-c11-utf8.py
legend,1,D:\sample1\allen-institute-for-ai\CORD-19-research-challenge\kernels\prasannkshirasagar\kletech-5d-c11\kletech-5d-c11-utf8.py
DatetimeIndex,1,D:\sample1\allen-institute-for-ai\CORD-19-research-challenge\kernels\prasannkshirasagar\kletech-5d-c11\kletech-5d-c11-utf8.py
compile,1,D:\sample1\allen-institute-for-ai\CORD-19-research-challenge\kernels\prasannkshirasagar\kletech-5d-c11\kletech-5d-c11-utf8.py
int,1,D:\sample1\allen-institute-for-ai\CORD-19-research-challenge\kernels\prasannkshirasagar\kletech-5d-c11\kletech-5d-c11-utf8.py
bool,1,D:\sample1\allen-institute-for-ai\CORD-19-research-challenge\kernels\prasannkshirasagar\kletech-5d-c11\kletech-5d-c11-utf8.py
search,1,D:\sample1\allen-institute-for-ai\CORD-19-research-challenge\kernels\prasannkshirasagar\kletech-5d-c11\kletech-5d-c11-utf8.py
checkYear,1,D:\sample1\allen-institute-for-ai\CORD-19-research-challenge\kernels\prasannkshirasagar\kletech-5d-c11\kletech-5d-c11-utf8.py
contains,1,D:\sample1\allen-institute-for-ai\CORD-19-research-challenge\kernels\prasannkshirasagar\kletech-5d-c11\kletech-5d-c11-utf8.py
clean_pdf_files,1,D:\sample1\allen-institute-for-ai\CORD-19-research-challenge\kernels\prasannkshirasagar\kletech-5d-c11\kletech-5d-c11-utf8.py
merge,1,D:\sample1\allen-institute-for-ai\CORD-19-research-challenge\kernels\prasannkshirasagar\kletech-5d-c11\kletech-5d-c11-utf8.py
Path,1,D:\sample1\allen-institute-for-ai\CORD-19-research-challenge\kernels\prasannkshirasagar\kletech-5d-c11\kletech-5d-c11-utf8.py
glob,1,D:\sample1\allen-institute-for-ai\CORD-19-research-challenge\kernels\prasannkshirasagar\kletech-5d-c11\kletech-5d-c11-utf8.py
strip,1,D:\sample1\allen-institute-for-ai\CORD-19-research-challenge\kernels\prasannkshirasagar\kletech-5d-c11\kletech-5d-c11-utf8.py
encode,1,D:\sample1\allen-institute-for-ai\CORD-19-research-challenge\kernels\prasannkshirasagar\kletech-5d-c11\kletech-5d-c11-utf8.py
index,1,D:\sample1\allen-institute-for-ai\CORD-19-research-challenge\kernels\prasannkshirasagar\kletech-5d-c11\kletech-5d-c11-utf8.py
model,1,D:\sample1\allen-institute-for-ai\CORD-19-research-challenge\kernels\prasannkshirasagar\kletech-5d-c11\kletech-5d-c11-utf8.py
convert_ids_to_tokens,1,D:\sample1\allen-institute-for-ai\CORD-19-research-challenge\kernels\prasannkshirasagar\kletech-5d-c11\kletech-5d-c11-utf8.py
TfidfVectorizer,1,D:\sample1\allen-institute-for-ai\CORD-19-research-challenge\kernels\prasannkshirasagar\kletech-5d-c11\kletech-5d-c11-utf8.py
fit_transform,1,D:\sample1\allen-institute-for-ai\CORD-19-research-challenge\kernels\prasannkshirasagar\kletech-5d-c11\kletech-5d-c11-utf8.py
transform,1,D:\sample1\allen-institute-for-ai\CORD-19-research-challenge\kernels\prasannkshirasagar\kletech-5d-c11\kletech-5d-c11-utf8.py
cosine_similarity,1,D:\sample1\allen-institute-for-ai\CORD-19-research-challenge\kernels\prasannkshirasagar\kletech-5d-c11\kletech-5d-c11-utf8.py
copy,1,D:\sample1\allen-institute-for-ai\CORD-19-research-challenge\kernels\prasannkshirasagar\kletech-5d-c11\kletech-5d-c11-utf8.py
any,1,D:\sample1\allen-institute-for-ai\CORD-19-research-challenge\kernels\prasannkshirasagar\kletech-5d-c11\kletech-5d-c11-utf8.py
isdigit,1,D:\sample1\allen-institute-for-ai\CORD-19-research-challenge\kernels\prasannkshirasagar\kletech-5d-c11\kletech-5d-c11-utf8.py
calc_simlarity_score,1,D:\sample1\allen-institute-for-ai\CORD-19-research-challenge\kernels\prasannkshirasagar\kletech-5d-c11\kletech-5d-c11-utf8.py
retrieve_paper,1,D:\sample1\allen-institute-for-ai\CORD-19-research-challenge\kernels\prasannkshirasagar\kletech-5d-c11\kletech-5d-c11-utf8.py
iterrows,1,D:\sample1\allen-institute-for-ai\CORD-19-research-challenge\kernels\prasannkshirasagar\kletech-5d-c11\kletech-5d-c11-utf8.py
zip,1,D:\sample1\allen-institute-for-ai\CORD-19-research-challenge\kernels\prasannkshirasagar\kletech-5d-c11\kletech-5d-c11-utf8.py
ratio,1,D:\sample1\allen-institute-for-ai\CORD-19-research-challenge\kernels\prasannkshirasagar\kletech-5d-c11\kletech-5d-c11-utf8.py
col_fill,1,D:\sample1\allen-institute-for-ai\CORD-19-research-challenge\kernels\prasannkshirasagar\kletech-5d-c11\kletech-5d-c11-utf8.py
join,3,D:\sample1\allen-institute-for-ai\CORD-19-research-challenge\kernels\wehall\cord-19\cord-19-utf8.py
next,2,D:\sample1\allen-institute-for-ai\CORD-19-research-challenge\kernels\wehall\cord-19\cord-19-utf8.py
append,2,D:\sample1\allen-institute-for-ai\CORD-19-research-challenge\kernels\wehall\cord-19\cord-19-utf8.py
sort,2,D:\sample1\allen-institute-for-ai\CORD-19-research-challenge\kernels\wehall\cord-19\cord-19-utf8.py
log2,2,D:\sample1\allen-institute-for-ai\CORD-19-research-challenge\kernels\wehall\cord-19\cord-19-utf8.py
len,2,D:\sample1\allen-institute-for-ai\CORD-19-research-challenge\kernels\wehall\cord-19\cord-19-utf8.py
load,2,D:\sample1\allen-institute-for-ai\CORD-19-research-challenge\kernels\wehall\cord-19\cord-19-utf8.py
set,2,D:\sample1\allen-institute-for-ai\CORD-19-research-challenge\kernels\wehall\cord-19\cord-19-utf8.py
term_frequency,1,D:\sample1\allen-institute-for-ai\CORD-19-research-challenge\kernels\wehall\cord-19\cord-19-utf8.py
open,1,D:\sample1\allen-institute-for-ai\CORD-19-research-challenge\kernels\wehall\cord-19\cord-19-utf8.py
lower,1,D:\sample1\allen-institute-for-ai\CORD-19-research-challenge\kernels\wehall\cord-19\cord-19-utf8.py
nlp_spacy,1,D:\sample1\allen-institute-for-ai\CORD-19-research-challenge\kernels\wehall\cord-19\cord-19-utf8.py
update,1,D:\sample1\allen-institute-for-ai\CORD-19-research-challenge\kernels\wehall\cord-19\cord-19-utf8.py
fromkeys,1,D:\sample1\allen-institute-for-ai\CORD-19-research-challenge\kernels\wehall\cord-19\cord-19-utf8.py
listdir,1,D:\sample1\allen-institute-for-ai\CORD-19-research-challenge\kernels\wehall\cord-19\cord-19-utf8.py
prep_doc_spacy,1,D:\sample1\allen-institute-for-ai\CORD-19-research-challenge\kernels\wehall\cord-19\cord-19-utf8.py
sorted_frequencies,1,D:\sample1\allen-institute-for-ai\CORD-19-research-challenge\kernels\wehall\cord-19\cord-19-utf8.py
gen_corpus_frequencies,1,D:\sample1\allen-institute-for-ai\CORD-19-research-challenge\kernels\wehall\cord-19\cord-19-utf8.py
tfidf,1,D:\sample1\allen-institute-for-ai\CORD-19-research-challenge\kernels\wehall\cord-19\cord-19-utf8.py
fit,2,D:\sample1\andrewmvd\heart-failure-clinical-data\kernels\aniketwattamwar\prediction-using-multiple-models\prediction-using-multiple-models-utf8.py
predict,2,D:\sample1\andrewmvd\heart-failure-clinical-data\kernels\aniketwattamwar\prediction-using-multiple-models\prediction-using-multiple-models-utf8.py
accuracy_score,2,D:\sample1\andrewmvd\heart-failure-clinical-data\kernels\aniketwattamwar\prediction-using-multiple-models\prediction-using-multiple-models-utf8.py
walk,1,D:\sample1\andrewmvd\heart-failure-clinical-data\kernels\aniketwattamwar\prediction-using-multiple-models\prediction-using-multiple-models-utf8.py
join,1,D:\sample1\andrewmvd\heart-failure-clinical-data\kernels\aniketwattamwar\prediction-using-multiple-models\prediction-using-multiple-models-utf8.py
read_csv,1,D:\sample1\andrewmvd\heart-failure-clinical-data\kernels\aniketwattamwar\prediction-using-multiple-models\prediction-using-multiple-models-utf8.py
head,1,D:\sample1\andrewmvd\heart-failure-clinical-data\kernels\aniketwattamwar\prediction-using-multiple-models\prediction-using-multiple-models-utf8.py
isna,1,D:\sample1\andrewmvd\heart-failure-clinical-data\kernels\aniketwattamwar\prediction-using-multiple-models\prediction-using-multiple-models-utf8.py
sum,1,D:\sample1\andrewmvd\heart-failure-clinical-data\kernels\aniketwattamwar\prediction-using-multiple-models\prediction-using-multiple-models-utf8.py
StandardScaler,1,D:\sample1\andrewmvd\heart-failure-clinical-data\kernels\aniketwattamwar\prediction-using-multiple-models\prediction-using-multiple-models-utf8.py
fit_transform,1,D:\sample1\andrewmvd\heart-failure-clinical-data\kernels\aniketwattamwar\prediction-using-multiple-models\prediction-using-multiple-models-utf8.py
train_test_split,1,D:\sample1\andrewmvd\heart-failure-clinical-data\kernels\aniketwattamwar\prediction-using-multiple-models\prediction-using-multiple-models-utf8.py
RandomForestClassifier,1,D:\sample1\andrewmvd\heart-failure-clinical-data\kernels\aniketwattamwar\prediction-using-multiple-models\prediction-using-multiple-models-utf8.py
XGBClassifier,1,D:\sample1\andrewmvd\heart-failure-clinical-data\kernels\aniketwattamwar\prediction-using-multiple-models\prediction-using-multiple-models-utf8.py
show,6,D:\sample1\andrewmvd\heart-failure-clinical-data\kernels\elaynejones\e-heart-failure-prediction\e-heart-failure-prediction-utf8.py
score,6,D:\sample1\andrewmvd\heart-failure-clinical-data\kernels\elaynejones\e-heart-failure-prediction\e-heart-failure-prediction-utf8.py
train_test_split,4,D:\sample1\andrewmvd\heart-failure-clinical-data\kernels\elaynejones\e-heart-failure-prediction\e-heart-failure-prediction-utf8.py
RandomForestClassifier,4,D:\sample1\andrewmvd\heart-failure-clinical-data\kernels\elaynejones\e-heart-failure-prediction\e-heart-failure-prediction-utf8.py
fit,4,D:\sample1\andrewmvd\heart-failure-clinical-data\kernels\elaynejones\e-heart-failure-prediction\e-heart-failure-prediction-utf8.py
copy,4,D:\sample1\andrewmvd\heart-failure-clinical-data\kernels\elaynejones\e-heart-failure-prediction\e-heart-failure-prediction-utf8.py
heatmap,3,D:\sample1\andrewmvd\heart-failure-clinical-data\kernels\elaynejones\e-heart-failure-prediction\e-heart-failure-prediction-utf8.py
axis,3,D:\sample1\andrewmvd\heart-failure-clinical-data\kernels\elaynejones\e-heart-failure-prediction\e-heart-failure-prediction-utf8.py
figure,3,D:\sample1\andrewmvd\heart-failure-clinical-data\kernels\elaynejones\e-heart-failure-prediction\e-heart-failure-prediction-utf8.py
SMOTE,3,D:\sample1\andrewmvd\heart-failure-clinical-data\kernels\elaynejones\e-heart-failure-prediction\e-heart-failure-prediction-utf8.py
fit_resample,3,D:\sample1\andrewmvd\heart-failure-clinical-data\kernels\elaynejones\e-heart-failure-prediction\e-heart-failure-prediction-utf8.py
GridSearchCV,3,D:\sample1\andrewmvd\heart-failure-clinical-data\kernels\elaynejones\e-heart-failure-prediction\e-heart-failure-prediction-utf8.py
str,3,D:\sample1\andrewmvd\heart-failure-clinical-data\kernels\elaynejones\e-heart-failure-prediction\e-heart-failure-prediction-utf8.py
ylabel,3,D:\sample1\andrewmvd\heart-failure-clinical-data\kernels\elaynejones\e-heart-failure-prediction\e-heart-failure-prediction-utf8.py
Series,2,D:\sample1\andrewmvd\heart-failure-clinical-data\kernels\elaynejones\e-heart-failure-prediction\e-heart-failure-prediction-utf8.py
subplots,2,D:\sample1\andrewmvd\heart-failure-clinical-data\kernels\elaynejones\e-heart-failure-prediction\e-heart-failure-prediction-utf8.py
enumerate,2,D:\sample1\andrewmvd\heart-failure-clinical-data\kernels\elaynejones\e-heart-failure-prediction\e-heart-failure-prediction-utf8.py
set_title,2,D:\sample1\andrewmvd\heart-failure-clinical-data\kernels\elaynejones\e-heart-failure-prediction\e-heart-failure-prediction-utf8.py
upper,2,D:\sample1\andrewmvd\heart-failure-clinical-data\kernels\elaynejones\e-heart-failure-prediction\e-heart-failure-prediction-utf8.py
DataFrame,2,D:\sample1\andrewmvd\heart-failure-clinical-data\kernels\elaynejones\e-heart-failure-prediction\e-heart-failure-prediction-utf8.py
linspace,2,D:\sample1\andrewmvd\heart-failure-clinical-data\kernels\elaynejones\e-heart-failure-prediction\e-heart-failure-prediction-utf8.py
text,2,D:\sample1\andrewmvd\heart-failure-clinical-data\kernels\elaynejones\e-heart-failure-prediction\e-heart-failure-prediction-utf8.py
predict,2,D:\sample1\andrewmvd\heart-failure-clinical-data\kernels\elaynejones\e-heart-failure-prediction\e-heart-failure-prediction-utf8.py
mean,2,D:\sample1\andrewmvd\heart-failure-clinical-data\kernels\elaynejones\e-heart-failure-prediction\e-heart-failure-prediction-utf8.py
confusion_matrix,2,D:\sample1\andrewmvd\heart-failure-clinical-data\kernels\elaynejones\e-heart-failure-prediction\e-heart-failure-prediction-utf8.py
xlabel,2,D:\sample1\andrewmvd\heart-failure-clinical-data\kernels\elaynejones\e-heart-failure-prediction\e-heart-failure-prediction-utf8.py
classification_report,2,D:\sample1\andrewmvd\heart-failure-clinical-data\kernels\elaynejones\e-heart-failure-prediction\e-heart-failure-prediction-utf8.py
walk,1,D:\sample1\andrewmvd\heart-failure-clinical-data\kernels\elaynejones\e-heart-failure-prediction\e-heart-failure-prediction-utf8.py
join,1,D:\sample1\andrewmvd\heart-failure-clinical-data\kernels\elaynejones\e-heart-failure-prediction\e-heart-failure-prediction-utf8.py
filterwarnings,1,D:\sample1\andrewmvd\heart-failure-clinical-data\kernels\elaynejones\e-heart-failure-prediction\e-heart-failure-prediction-utf8.py
read_csv,1,D:\sample1\andrewmvd\heart-failure-clinical-data\kernels\elaynejones\e-heart-failure-prediction\e-heart-failure-prediction-utf8.py
head,1,D:\sample1\andrewmvd\heart-failure-clinical-data\kernels\elaynejones\e-heart-failure-prediction\e-heart-failure-prediction-utf8.py
isnull,1,D:\sample1\andrewmvd\heart-failure-clinical-data\kernels\elaynejones\e-heart-failure-prediction\e-heart-failure-prediction-utf8.py
sum,1,D:\sample1\andrewmvd\heart-failure-clinical-data\kernels\elaynejones\e-heart-failure-prediction\e-heart-failure-prediction-utf8.py
isin,1,D:\sample1\andrewmvd\heart-failure-clinical-data\kernels\elaynejones\e-heart-failure-prediction\e-heart-failure-prediction-utf8.py
describe,1,D:\sample1\andrewmvd\heart-failure-clinical-data\kernels\elaynejones\e-heart-failure-prediction\e-heart-failure-prediction-utf8.py
value_counts,1,D:\sample1\andrewmvd\heart-failure-clinical-data\kernels\elaynejones\e-heart-failure-prediction\e-heart-failure-prediction-utf8.py
plot,1,D:\sample1\andrewmvd\heart-failure-clinical-data\kernels\elaynejones\e-heart-failure-prediction\e-heart-failure-prediction-utf8.py
corr,1,D:\sample1\andrewmvd\heart-failure-clinical-data\kernels\elaynejones\e-heart-failure-prediction\e-heart-failure-prediction-utf8.py
boxplot,1,D:\sample1\andrewmvd\heart-failure-clinical-data\kernels\elaynejones\e-heart-failure-prediction\e-heart-failure-prediction-utf8.py
hist,1,D:\sample1\andrewmvd\heart-failure-clinical-data\kernels\elaynejones\e-heart-failure-prediction\e-heart-failure-prediction-utf8.py
countplot,1,D:\sample1\andrewmvd\heart-failure-clinical-data\kernels\elaynejones\e-heart-failure-prediction\e-heart-failure-prediction-utf8.py
sort_values,1,D:\sample1\andrewmvd\heart-failure-clinical-data\kernels\elaynejones\e-heart-failure-prediction\e-heart-failure-prediction-utf8.py
reset_index,1,D:\sample1\andrewmvd\heart-failure-clinical-data\kernels\elaynejones\e-heart-failure-prediction\e-heart-failure-prediction-utf8.py
scatterplot,1,D:\sample1\andrewmvd\heart-failure-clinical-data\kernels\elaynejones\e-heart-failure-prediction\e-heart-failure-prediction-utf8.py
zip,1,D:\sample1\andrewmvd\heart-failure-clinical-data\kernels\elaynejones\e-heart-failure-prediction\e-heart-failure-prediction-utf8.py
round,1,D:\sample1\andrewmvd\heart-failure-clinical-data\kernels\elaynejones\e-heart-failure-prediction\e-heart-failure-prediction-utf8.py
arange,1,D:\sample1\andrewmvd\heart-failure-clinical-data\kernels\elaynejones\e-heart-failure-prediction\e-heart-failure-prediction-utf8.py
learning_curve,1,D:\sample1\andrewmvd\heart-failure-clinical-data\kernels\elaynejones\e-heart-failure-prediction\e-heart-failure-prediction-utf8.py
melt,1,D:\sample1\andrewmvd\heart-failure-clinical-data\kernels\elaynejones\e-heart-failure-prediction\e-heart-failure-prediction-utf8.py
lineplot,1,D:\sample1\andrewmvd\heart-failure-clinical-data\kernels\elaynejones\e-heart-failure-prediction\e-heart-failure-prediction-utf8.py
plot_roc_curve,1,D:\sample1\andrewmvd\heart-failure-clinical-data\kernels\elaynejones\e-heart-failure-prediction\e-heart-failure-prediction-utf8.py
plot_precision_recall_curve,1,D:\sample1\andrewmvd\heart-failure-clinical-data\kernels\elaynejones\e-heart-failure-prediction\e-heart-failure-prediction-utf8.py
subplot,13,D:\sample1\andrewmvd\heart-failure-clinical-data\kernels\fabiovillagran\heart-disease-analysis-modeling\heart-disease-analysis-modeling-utf8.py
title,13,D:\sample1\andrewmvd\heart-failure-clinical-data\kernels\fabiovillagran\heart-disease-analysis-modeling\heart-disease-analysis-modeling-utf8.py
show,12,D:\sample1\andrewmvd\heart-failure-clinical-data\kernels\fabiovillagran\heart-disease-analysis-modeling\heart-disease-analysis-modeling-utf8.py
set_title,11,D:\sample1\andrewmvd\heart-failure-clinical-data\kernels\fabiovillagran\heart-disease-analysis-modeling\heart-disease-analysis-modeling-utf8.py
set_xlabel,9,D:\sample1\andrewmvd\heart-failure-clinical-data\kernels\fabiovillagran\heart-disease-analysis-modeling\heart-disease-analysis-modeling-utf8.py
set_ylabel,9,D:\sample1\andrewmvd\heart-failure-clinical-data\kernels\fabiovillagran\heart-disease-analysis-modeling\heart-disease-analysis-modeling-utf8.py
head,8,D:\sample1\andrewmvd\heart-failure-clinical-data\kernels\fabiovillagran\heart-disease-analysis-modeling\heart-disease-analysis-modeling-utf8.py
median,8,D:\sample1\andrewmvd\heart-failure-clinical-data\kernels\fabiovillagran\heart-disease-analysis-modeling\heart-disease-analysis-modeling-utf8.py
histplot,7,D:\sample1\andrewmvd\heart-failure-clinical-data\kernels\fabiovillagran\heart-disease-analysis-modeling\heart-disease-analysis-modeling-utf8.py
countplot,7,D:\sample1\andrewmvd\heart-failure-clinical-data\kernels\fabiovillagran\heart-disease-analysis-modeling\heart-disease-analysis-modeling-utf8.py
set_xticklabels,6,D:\sample1\andrewmvd\heart-failure-clinical-data\kernels\fabiovillagran\heart-disease-analysis-modeling\heart-disease-analysis-modeling-utf8.py
violinplot,5,D:\sample1\andrewmvd\heart-failure-clinical-data\kernels\fabiovillagran\heart-disease-analysis-modeling\heart-disease-analysis-modeling-utf8.py
predict,5,D:\sample1\andrewmvd\heart-failure-clinical-data\kernels\fabiovillagran\heart-disease-analysis-modeling\heart-disease-analysis-modeling-utf8.py
confusion_matrix,5,D:\sample1\andrewmvd\heart-failure-clinical-data\kernels\fabiovillagran\heart-disease-analysis-modeling\heart-disease-analysis-modeling-utf8.py
heatmap,4,D:\sample1\andrewmvd\heart-failure-clinical-data\kernels\fabiovillagran\heart-disease-analysis-modeling\heart-disease-analysis-modeling-utf8.py
len,4,D:\sample1\andrewmvd\heart-failure-clinical-data\kernels\fabiovillagran\heart-disease-analysis-modeling\heart-disease-analysis-modeling-utf8.py
figure,3,D:\sample1\andrewmvd\heart-failure-clinical-data\kernels\fabiovillagran\heart-disease-analysis-modeling\heart-disease-analysis-modeling-utf8.py
scatterplot,3,D:\sample1\andrewmvd\heart-failure-clinical-data\kernels\fabiovillagran\heart-disease-analysis-modeling\heart-disease-analysis-modeling-utf8.py
tight_layout,2,D:\sample1\andrewmvd\heart-failure-clinical-data\kernels\fabiovillagran\heart-disease-analysis-modeling\heart-disease-analysis-modeling-utf8.py
int,2,D:\sample1\andrewmvd\heart-failure-clinical-data\kernels\fabiovillagran\heart-disease-analysis-modeling\heart-disease-analysis-modeling-utf8.py
concat,2,D:\sample1\andrewmvd\heart-failure-clinical-data\kernels\fabiovillagran\heart-disease-analysis-modeling\heart-disease-analysis-modeling-utf8.py
classification_report,2,D:\sample1\andrewmvd\heart-failure-clinical-data\kernels\fabiovillagran\heart-disease-analysis-modeling\heart-disease-analysis-modeling-utf8.py
set,1,D:\sample1\andrewmvd\heart-failure-clinical-data\kernels\fabiovillagran\heart-disease-analysis-modeling\heart-disease-analysis-modeling-utf8.py
set_palette,1,D:\sample1\andrewmvd\heart-failure-clinical-data\kernels\fabiovillagran\heart-disease-analysis-modeling\heart-disease-analysis-modeling-utf8.py
read_csv,1,D:\sample1\andrewmvd\heart-failure-clinical-data\kernels\fabiovillagran\heart-disease-analysis-modeling\heart-disease-analysis-modeling-utf8.py
isnull,1,D:\sample1\andrewmvd\heart-failure-clinical-data\kernels\fabiovillagran\heart-disease-analysis-modeling\heart-disease-analysis-modeling-utf8.py
sum,1,D:\sample1\andrewmvd\heart-failure-clinical-data\kernels\fabiovillagran\heart-disease-analysis-modeling\heart-disease-analysis-modeling-utf8.py
describe,1,D:\sample1\andrewmvd\heart-failure-clinical-data\kernels\fabiovillagran\heart-disease-analysis-modeling\heart-disease-analysis-modeling-utf8.py
StandardScaler,1,D:\sample1\andrewmvd\heart-failure-clinical-data\kernels\fabiovillagran\heart-disease-analysis-modeling\heart-disease-analysis-modeling-utf8.py
fit_transform,1,D:\sample1\andrewmvd\heart-failure-clinical-data\kernels\fabiovillagran\heart-disease-analysis-modeling\heart-disease-analysis-modeling-utf8.py
DataFrame,1,D:\sample1\andrewmvd\heart-failure-clinical-data\kernels\fabiovillagran\heart-disease-analysis-modeling\heart-disease-analysis-modeling-utf8.py
corr,1,D:\sample1\andrewmvd\heart-failure-clinical-data\kernels\fabiovillagran\heart-disease-analysis-modeling\heart-disease-analysis-modeling-utf8.py
FacetGrid,1,D:\sample1\andrewmvd\heart-failure-clinical-data\kernels\fabiovillagran\heart-disease-analysis-modeling\heart-disease-analysis-modeling-utf8.py
map,1,D:\sample1\andrewmvd\heart-failure-clinical-data\kernels\fabiovillagran\heart-disease-analysis-modeling\heart-disease-analysis-modeling-utf8.py
set_axis_labels,1,D:\sample1\andrewmvd\heart-failure-clinical-data\kernels\fabiovillagran\heart-disease-analysis-modeling\heart-disease-analysis-modeling-utf8.py
drop,1,D:\sample1\andrewmvd\heart-failure-clinical-data\kernels\fabiovillagran\heart-disease-analysis-modeling\heart-disease-analysis-modeling-utf8.py
train_test_split,1,D:\sample1\andrewmvd\heart-failure-clinical-data\kernels\fabiovillagran\heart-disease-analysis-modeling\heart-disease-analysis-modeling-utf8.py
dict,1,D:\sample1\andrewmvd\heart-failure-clinical-data\kernels\fabiovillagran\heart-disease-analysis-modeling\heart-disease-analysis-modeling-utf8.py
DecisionTreeClassifier,1,D:\sample1\andrewmvd\heart-failure-clinical-data\kernels\fabiovillagran\heart-disease-analysis-modeling\heart-disease-analysis-modeling-utf8.py
RandomForestClassifier,1,D:\sample1\andrewmvd\heart-failure-clinical-data\kernels\fabiovillagran\heart-disease-analysis-modeling\heart-disease-analysis-modeling-utf8.py
LogisticRegression,1,D:\sample1\andrewmvd\heart-failure-clinical-data\kernels\fabiovillagran\heart-disease-analysis-modeling\heart-disease-analysis-modeling-utf8.py
GradientBoostingClassifier,1,D:\sample1\andrewmvd\heart-failure-clinical-data\kernels\fabiovillagran\heart-disease-analysis-modeling\heart-disease-analysis-modeling-utf8.py
AdaBoostClassifier,1,D:\sample1\andrewmvd\heart-failure-clinical-data\kernels\fabiovillagran\heart-disease-analysis-modeling\heart-disease-analysis-modeling-utf8.py
XGBClassifier,1,D:\sample1\andrewmvd\heart-failure-clinical-data\kernels\fabiovillagran\heart-disease-analysis-modeling\heart-disease-analysis-modeling-utf8.py
fit,1,D:\sample1\andrewmvd\heart-failure-clinical-data\kernels\fabiovillagran\heart-disease-analysis-modeling\heart-disease-analysis-modeling-utf8.py
Series,1,D:\sample1\andrewmvd\heart-failure-clinical-data\kernels\fabiovillagran\heart-disease-analysis-modeling\heart-disease-analysis-modeling-utf8.py
nlargest,1,D:\sample1\andrewmvd\heart-failure-clinical-data\kernels\fabiovillagran\heart-disease-analysis-modeling\heart-disease-analysis-modeling-utf8.py
plot,1,D:\sample1\andrewmvd\heart-failure-clinical-data\kernels\fabiovillagran\heart-disease-analysis-modeling\heart-disease-analysis-modeling-utf8.py
get_height,29,D:\sample1\andrewmvd\heart-failure-clinical-data\kernels\febrianasp\classification-knn-logistic-regression-svm\classification-knn-logistic-regression-svm-utf8.py
round,21,D:\sample1\andrewmvd\heart-failure-clinical-data\kernels\febrianasp\classification-knn-logistic-regression-svm\classification-knn-logistic-regression-svm-utf8.py
set_title,19,D:\sample1\andrewmvd\heart-failure-clinical-data\kernels\febrianasp\classification-knn-logistic-regression-svm\classification-knn-logistic-regression-svm-utf8.py
show,17,D:\sample1\andrewmvd\heart-failure-clinical-data\kernels\febrianasp\classification-knn-logistic-regression-svm\classification-knn-logistic-regression-svm-utf8.py
subplots,14,D:\sample1\andrewmvd\heart-failure-clinical-data\kernels\febrianasp\classification-knn-logistic-regression-svm\classification-knn-logistic-regression-svm-utf8.py
append,13,D:\sample1\andrewmvd\heart-failure-clinical-data\kernels\febrianasp\classification-knn-logistic-regression-svm\classification-knn-logistic-regression-svm-utf8.py
set_xlabel,12,D:\sample1\andrewmvd\heart-failure-clinical-data\kernels\febrianasp\classification-knn-logistic-regression-svm\classification-knn-logistic-regression-svm-utf8.py
set_ylabel,12,D:\sample1\andrewmvd\heart-failure-clinical-data\kernels\febrianasp\classification-knn-logistic-regression-svm\classification-knn-logistic-regression-svm-utf8.py
text,12,D:\sample1\andrewmvd\heart-failure-clinical-data\kernels\febrianasp\classification-knn-logistic-regression-svm\classification-knn-logistic-regression-svm-utf8.py
get_x,12,D:\sample1\andrewmvd\heart-failure-clinical-data\kernels\febrianasp\classification-knn-logistic-regression-svm\classification-knn-logistic-regression-svm-utf8.py
str,12,D:\sample1\andrewmvd\heart-failure-clinical-data\kernels\febrianasp\classification-knn-logistic-regression-svm\classification-knn-logistic-regression-svm-utf8.py
accuracy_score,12,D:\sample1\andrewmvd\heart-failure-clinical-data\kernels\febrianasp\classification-knn-logistic-regression-svm\classification-knn-logistic-regression-svm-utf8.py
plot,10,D:\sample1\andrewmvd\heart-failure-clinical-data\kernels\febrianasp\classification-knn-logistic-regression-svm\classification-knn-logistic-regression-svm-utf8.py
predict,10,D:\sample1\andrewmvd\heart-failure-clinical-data\kernels\febrianasp\classification-knn-logistic-regression-svm\classification-knn-logistic-regression-svm-utf8.py
xlabel,9,D:\sample1\andrewmvd\heart-failure-clinical-data\kernels\febrianasp\classification-knn-logistic-regression-svm\classification-knn-logistic-regression-svm-utf8.py
ylabel,9,D:\sample1\andrewmvd\heart-failure-clinical-data\kernels\febrianasp\classification-knn-logistic-regression-svm\classification-knn-logistic-regression-svm-utf8.py
histplot,7,D:\sample1\andrewmvd\heart-failure-clinical-data\kernels\febrianasp\classification-knn-logistic-regression-svm\classification-knn-logistic-regression-svm-utf8.py
heatmap,7,D:\sample1\andrewmvd\heart-failure-clinical-data\kernels\febrianasp\classification-knn-logistic-regression-svm\classification-knn-logistic-regression-svm-utf8.py
title,7,D:\sample1\andrewmvd\heart-failure-clinical-data\kernels\febrianasp\classification-knn-logistic-regression-svm\classification-knn-logistic-regression-svm-utf8.py
zeros,6,D:\sample1\andrewmvd\heart-failure-clinical-data\kernels\febrianasp\classification-knn-logistic-regression-svm\classification-knn-logistic-regression-svm-utf8.py
range,6,D:\sample1\andrewmvd\heart-failure-clinical-data\kernels\febrianasp\classification-knn-logistic-regression-svm\classification-knn-logistic-regression-svm-utf8.py
fit,6,D:\sample1\andrewmvd\heart-failure-clinical-data\kernels\febrianasp\classification-knn-logistic-regression-svm\classification-knn-logistic-regression-svm-utf8.py
confusion_matrix,6,D:\sample1\andrewmvd\heart-failure-clinical-data\kernels\febrianasp\classification-knn-logistic-regression-svm\classification-knn-logistic-regression-svm-utf8.py
classification_report,6,D:\sample1\andrewmvd\heart-failure-clinical-data\kernels\febrianasp\classification-knn-logistic-regression-svm\classification-knn-logistic-regression-svm-utf8.py
countplot,5,D:\sample1\andrewmvd\heart-failure-clinical-data\kernels\febrianasp\classification-knn-logistic-regression-svm\classification-knn-logistic-regression-svm-utf8.py
sum,5,D:\sample1\andrewmvd\heart-failure-clinical-data\kernels\febrianasp\classification-knn-logistic-regression-svm\classification-knn-logistic-regression-svm-utf8.py
detect_outliers,5,D:\sample1\andrewmvd\heart-failure-clinical-data\kernels\febrianasp\classification-knn-logistic-regression-svm\classification-knn-logistic-regression-svm-utf8.py
head,4,D:\sample1\andrewmvd\heart-failure-clinical-data\kernels\febrianasp\classification-knn-logistic-regression-svm\classification-knn-logistic-regression-svm-utf8.py
describe,3,D:\sample1\andrewmvd\heart-failure-clinical-data\kernels\febrianasp\classification-knn-logistic-regression-svm\classification-knn-logistic-regression-svm-utf8.py
tight_layout,3,D:\sample1\andrewmvd\heart-failure-clinical-data\kernels\febrianasp\classification-knn-logistic-regression-svm\classification-knn-logistic-regression-svm-utf8.py
groupby,2,D:\sample1\andrewmvd\heart-failure-clinical-data\kernels\febrianasp\classification-knn-logistic-regression-svm\classification-knn-logistic-regression-svm-utf8.py
mean,2,D:\sample1\andrewmvd\heart-failure-clinical-data\kernels\febrianasp\classification-knn-logistic-regression-svm\classification-knn-logistic-regression-svm-utf8.py
train_test_split,2,D:\sample1\andrewmvd\heart-failure-clinical-data\kernels\febrianasp\classification-knn-logistic-regression-svm\classification-knn-logistic-regression-svm-utf8.py
KNeighborsClassifier,2,D:\sample1\andrewmvd\heart-failure-clinical-data\kernels\febrianasp\classification-knn-logistic-regression-svm\classification-knn-logistic-regression-svm-utf8.py
std,2,D:\sample1\andrewmvd\heart-failure-clinical-data\kernels\febrianasp\classification-knn-logistic-regression-svm\classification-knn-logistic-regression-svm-utf8.py
sqrt,2,D:\sample1\andrewmvd\heart-failure-clinical-data\kernels\febrianasp\classification-knn-logistic-regression-svm\classification-knn-logistic-regression-svm-utf8.py
fill_between,2,D:\sample1\andrewmvd\heart-failure-clinical-data\kernels\febrianasp\classification-knn-logistic-regression-svm\classification-knn-logistic-regression-svm-utf8.py
legend,2,D:\sample1\andrewmvd\heart-failure-clinical-data\kernels\febrianasp\classification-knn-logistic-regression-svm\classification-knn-logistic-regression-svm-utf8.py
max,2,D:\sample1\andrewmvd\heart-failure-clinical-data\kernels\febrianasp\classification-knn-logistic-regression-svm\classification-knn-logistic-regression-svm-utf8.py
argmax,2,D:\sample1\andrewmvd\heart-failure-clinical-data\kernels\febrianasp\classification-knn-logistic-regression-svm\classification-knn-logistic-regression-svm-utf8.py
LogisticRegression,2,D:\sample1\andrewmvd\heart-failure-clinical-data\kernels\febrianasp\classification-knn-logistic-regression-svm\classification-knn-logistic-regression-svm-utf8.py
predict_proba,2,D:\sample1\andrewmvd\heart-failure-clinical-data\kernels\febrianasp\classification-knn-logistic-regression-svm\classification-knn-logistic-regression-svm-utf8.py
SVC,2,D:\sample1\andrewmvd\heart-failure-clinical-data\kernels\febrianasp\classification-knn-logistic-regression-svm\classification-knn-logistic-regression-svm-utf8.py
read_csv,1,D:\sample1\andrewmvd\heart-failure-clinical-data\kernels\febrianasp\classification-knn-logistic-regression-svm\classification-knn-logistic-regression-svm-utf8.py
info,1,D:\sample1\andrewmvd\heart-failure-clinical-data\kernels\febrianasp\classification-knn-logistic-regression-svm\classification-knn-logistic-regression-svm-utf8.py
transpose,1,D:\sample1\andrewmvd\heart-failure-clinical-data\kernels\febrianasp\classification-knn-logistic-regression-svm\classification-knn-logistic-regression-svm-utf8.py
isnull,1,D:\sample1\andrewmvd\heart-failure-clinical-data\kernels\febrianasp\classification-knn-logistic-regression-svm\classification-knn-logistic-regression-svm-utf8.py
any,1,D:\sample1\andrewmvd\heart-failure-clinical-data\kernels\febrianasp\classification-knn-logistic-regression-svm\classification-knn-logistic-regression-svm-utf8.py
flatten,1,D:\sample1\andrewmvd\heart-failure-clinical-data\kernels\febrianasp\classification-knn-logistic-regression-svm\classification-knn-logistic-regression-svm-utf8.py
items,1,D:\sample1\andrewmvd\heart-failure-clinical-data\kernels\febrianasp\classification-knn-logistic-regression-svm\classification-knn-logistic-regression-svm-utf8.py
boxplot,1,D:\sample1\andrewmvd\heart-failure-clinical-data\kernels\febrianasp\classification-knn-logistic-regression-svm\classification-knn-logistic-regression-svm-utf8.py
corr,1,D:\sample1\andrewmvd\heart-failure-clinical-data\kernels\febrianasp\classification-knn-logistic-regression-svm\classification-knn-logistic-regression-svm-utf8.py
figure,1,D:\sample1\andrewmvd\heart-failure-clinical-data\kernels\febrianasp\classification-knn-logistic-regression-svm\classification-knn-logistic-regression-svm-utf8.py
abs,1,D:\sample1\andrewmvd\heart-failure-clinical-data\kernels\febrianasp\classification-knn-logistic-regression-svm\classification-knn-logistic-regression-svm-utf8.py
chi2,1,D:\sample1\andrewmvd\heart-failure-clinical-data\kernels\febrianasp\classification-knn-logistic-regression-svm\classification-knn-logistic-regression-svm-utf8.py
Series,1,D:\sample1\andrewmvd\heart-failure-clinical-data\kernels\febrianasp\classification-knn-logistic-regression-svm\classification-knn-logistic-regression-svm-utf8.py
sort_values,1,D:\sample1\andrewmvd\heart-failure-clinical-data\kernels\febrianasp\classification-knn-logistic-regression-svm\classification-knn-logistic-regression-svm-utf8.py
StandardScaler,1,D:\sample1\andrewmvd\heart-failure-clinical-data\kernels\febrianasp\classification-knn-logistic-regression-svm\classification-knn-logistic-regression-svm-utf8.py
fit_transform,1,D:\sample1\andrewmvd\heart-failure-clinical-data\kernels\febrianasp\classification-knn-logistic-regression-svm\classification-knn-logistic-regression-svm-utf8.py
drop,1,D:\sample1\andrewmvd\heart-failure-clinical-data\kernels\febrianasp\classification-knn-logistic-regression-svm\classification-knn-logistic-regression-svm-utf8.py
subplot,10,D:\sample1\andrewmvd\heart-failure-clinical-data\kernels\floriancph\predict-heart-failure-w-logistic-regression-knn\predict-heart-failure-w-logistic-regression-knn-utf8.py
title,8,D:\sample1\andrewmvd\heart-failure-clinical-data\kernels\floriancph\predict-heart-failure-w-logistic-regression-knn\predict-heart-failure-w-logistic-regression-knn-utf8.py
distplot,8,D:\sample1\andrewmvd\heart-failure-clinical-data\kernels\floriancph\predict-heart-failure-w-logistic-regression-knn\predict-heart-failure-w-logistic-regression-knn-utf8.py
axvline,8,D:\sample1\andrewmvd\heart-failure-clinical-data\kernels\floriancph\predict-heart-failure-w-logistic-regression-knn\predict-heart-failure-w-logistic-regression-knn-utf8.py
mean,8,D:\sample1\andrewmvd\heart-failure-clinical-data\kernels\floriancph\predict-heart-failure-w-logistic-regression-knn\predict-heart-failure-w-logistic-regression-knn-utf8.py
boxplot,6,D:\sample1\andrewmvd\heart-failure-clinical-data\kernels\floriancph\predict-heart-failure-w-logistic-regression-knn\predict-heart-failure-w-logistic-regression-knn-utf8.py
heatmap,5,D:\sample1\andrewmvd\heart-failure-clinical-data\kernels\floriancph\predict-heart-failure-w-logistic-regression-knn\predict-heart-failure-w-logistic-regression-knn-utf8.py
legend,4,D:\sample1\andrewmvd\heart-failure-clinical-data\kernels\floriancph\predict-heart-failure-w-logistic-regression-knn\predict-heart-failure-w-logistic-regression-knn-utf8.py
append,4,D:\sample1\andrewmvd\heart-failure-clinical-data\kernels\floriancph\predict-heart-failure-w-logistic-regression-knn\predict-heart-failure-w-logistic-regression-knn-utf8.py
figure,3,D:\sample1\andrewmvd\heart-failure-clinical-data\kernels\floriancph\predict-heart-failure-w-logistic-regression-knn\predict-heart-failure-w-logistic-regression-knn-utf8.py
fit,3,D:\sample1\andrewmvd\heart-failure-clinical-data\kernels\floriancph\predict-heart-failure-w-logistic-regression-knn\predict-heart-failure-w-logistic-regression-knn-utf8.py
argmax,3,D:\sample1\andrewmvd\heart-failure-clinical-data\kernels\floriancph\predict-heart-failure-w-logistic-regression-knn\predict-heart-failure-w-logistic-regression-knn-utf8.py
isnull,2,D:\sample1\andrewmvd\heart-failure-clinical-data\kernels\floriancph\predict-heart-failure-w-logistic-regression-knn\predict-heart-failure-w-logistic-regression-knn-utf8.py
sum,2,D:\sample1\andrewmvd\heart-failure-clinical-data\kernels\floriancph\predict-heart-failure-w-logistic-regression-knn\predict-heart-failure-w-logistic-regression-knn-utf8.py
len,2,D:\sample1\andrewmvd\heart-failure-clinical-data\kernels\floriancph\predict-heart-failure-w-logistic-regression-knn\predict-heart-failure-w-logistic-regression-knn-utf8.py
ylim,2,D:\sample1\andrewmvd\heart-failure-clinical-data\kernels\floriancph\predict-heart-failure-w-logistic-regression-knn\predict-heart-failure-w-logistic-regression-knn-utf8.py
welch_test,2,D:\sample1\andrewmvd\heart-failure-clinical-data\kernels\floriancph\predict-heart-failure-w-logistic-regression-knn\predict-heart-failure-w-logistic-regression-knn-utf8.py
crosstab,2,D:\sample1\andrewmvd\heart-failure-clinical-data\kernels\floriancph\predict-heart-failure-w-logistic-regression-knn\predict-heart-failure-w-logistic-regression-knn-utf8.py
zeros,2,D:\sample1\andrewmvd\heart-failure-clinical-data\kernels\floriancph\predict-heart-failure-w-logistic-regression-knn\predict-heart-failure-w-logistic-regression-knn-utf8.py
predict,2,D:\sample1\andrewmvd\heart-failure-clinical-data\kernels\floriancph\predict-heart-failure-w-logistic-regression-knn\predict-heart-failure-w-logistic-regression-knn-utf8.py
accuracy_score,2,D:\sample1\andrewmvd\heart-failure-clinical-data\kernels\floriancph\predict-heart-failure-w-logistic-regression-knn\predict-heart-failure-w-logistic-regression-knn-utf8.py
classification_report,2,D:\sample1\andrewmvd\heart-failure-clinical-data\kernels\floriancph\predict-heart-failure-w-logistic-regression-knn\predict-heart-failure-w-logistic-regression-knn-utf8.py
confusion_matrix,2,D:\sample1\andrewmvd\heart-failure-clinical-data\kernels\floriancph\predict-heart-failure-w-logistic-regression-knn\predict-heart-failure-w-logistic-regression-knn-utf8.py
round,2,D:\sample1\andrewmvd\heart-failure-clinical-data\kernels\floriancph\predict-heart-failure-w-logistic-regression-knn\predict-heart-failure-w-logistic-regression-knn-utf8.py
max,2,D:\sample1\andrewmvd\heart-failure-clinical-data\kernels\floriancph\predict-heart-failure-w-logistic-regression-knn\predict-heart-failure-w-logistic-regression-knn-utf8.py
plot,2,D:\sample1\andrewmvd\heart-failure-clinical-data\kernels\floriancph\predict-heart-failure-w-logistic-regression-knn\predict-heart-failure-w-logistic-regression-knn-utf8.py
xlabel,2,D:\sample1\andrewmvd\heart-failure-clinical-data\kernels\floriancph\predict-heart-failure-w-logistic-regression-knn\predict-heart-failure-w-logistic-regression-knn-utf8.py
ylabel,2,D:\sample1\andrewmvd\heart-failure-clinical-data\kernels\floriancph\predict-heart-failure-w-logistic-regression-knn\predict-heart-failure-w-logistic-regression-knn-utf8.py
range,2,D:\sample1\andrewmvd\heart-failure-clinical-data\kernels\floriancph\predict-heart-failure-w-logistic-regression-knn\predict-heart-failure-w-logistic-regression-knn-utf8.py
walk,1,D:\sample1\andrewmvd\heart-failure-clinical-data\kernels\floriancph\predict-heart-failure-w-logistic-regression-knn\predict-heart-failure-w-logistic-regression-knn-utf8.py
join,1,D:\sample1\andrewmvd\heart-failure-clinical-data\kernels\floriancph\predict-heart-failure-w-logistic-regression-knn\predict-heart-failure-w-logistic-regression-knn-utf8.py
set_style,1,D:\sample1\andrewmvd\heart-failure-clinical-data\kernels\floriancph\predict-heart-failure-w-logistic-regression-knn\predict-heart-failure-w-logistic-regression-knn-utf8.py
read_csv,1,D:\sample1\andrewmvd\heart-failure-clinical-data\kernels\floriancph\predict-heart-failure-w-logistic-regression-knn\predict-heart-failure-w-logistic-regression-knn-utf8.py
head,1,D:\sample1\andrewmvd\heart-failure-clinical-data\kernels\floriancph\predict-heart-failure-w-logistic-regression-knn\predict-heart-failure-w-logistic-regression-knn-utf8.py
info,1,D:\sample1\andrewmvd\heart-failure-clinical-data\kernels\floriancph\predict-heart-failure-w-logistic-regression-knn\predict-heart-failure-w-logistic-regression-knn-utf8.py
describe,1,D:\sample1\andrewmvd\heart-failure-clinical-data\kernels\floriancph\predict-heart-failure-w-logistic-regression-knn\predict-heart-failure-w-logistic-regression-knn-utf8.py
value_counts,1,D:\sample1\andrewmvd\heart-failure-clinical-data\kernels\floriancph\predict-heart-failure-w-logistic-regression-knn\predict-heart-failure-w-logistic-regression-knn-utf8.py
to_frame,1,D:\sample1\andrewmvd\heart-failure-clinical-data\kernels\floriancph\predict-heart-failure-w-logistic-regression-knn\predict-heart-failure-w-logistic-regression-knn-utf8.py
ttest_ind,1,D:\sample1\andrewmvd\heart-failure-clinical-data\kernels\floriancph\predict-heart-failure-w-logistic-regression-knn\predict-heart-failure-w-logistic-regression-knn-utf8.py
corr,1,D:\sample1\andrewmvd\heart-failure-clinical-data\kernels\floriancph\predict-heart-failure-w-logistic-regression-knn\predict-heart-failure-w-logistic-regression-knn-utf8.py
set_title,1,D:\sample1\andrewmvd\heart-failure-clinical-data\kernels\floriancph\predict-heart-failure-w-logistic-regression-knn\predict-heart-failure-w-logistic-regression-knn-utf8.py
drop,1,D:\sample1\andrewmvd\heart-failure-clinical-data\kernels\floriancph\predict-heart-failure-w-logistic-regression-knn\predict-heart-failure-w-logistic-regression-knn-utf8.py
StandardScaler,1,D:\sample1\andrewmvd\heart-failure-clinical-data\kernels\floriancph\predict-heart-failure-w-logistic-regression-knn\predict-heart-failure-w-logistic-regression-knn-utf8.py
transform,1,D:\sample1\andrewmvd\heart-failure-clinical-data\kernels\floriancph\predict-heart-failure-w-logistic-regression-knn\predict-heart-failure-w-logistic-regression-knn-utf8.py
train_test_split,1,D:\sample1\andrewmvd\heart-failure-clinical-data\kernels\floriancph\predict-heart-failure-w-logistic-regression-knn\predict-heart-failure-w-logistic-regression-knn-utf8.py
arange,1,D:\sample1\andrewmvd\heart-failure-clinical-data\kernels\floriancph\predict-heart-failure-w-logistic-regression-knn\predict-heart-failure-w-logistic-regression-knn-utf8.py
enumerate,1,D:\sample1\andrewmvd\heart-failure-clinical-data\kernels\floriancph\predict-heart-failure-w-logistic-regression-knn\predict-heart-failure-w-logistic-regression-knn-utf8.py
LogisticRegression,1,D:\sample1\andrewmvd\heart-failure-clinical-data\kernels\floriancph\predict-heart-failure-w-logistic-regression-knn\predict-heart-failure-w-logistic-regression-knn-utf8.py
KNeighborsClassifier,1,D:\sample1\andrewmvd\heart-failure-clinical-data\kernels\floriancph\predict-heart-failure-w-logistic-regression-knn\predict-heart-failure-w-logistic-regression-knn-utf8.py
